{	
   "tabs": [
		{"id": 0, "title": "Étudiants"},
		{"id": 1, "title": "Personnels"}
   ],
   "menus": [
		{"id": 0, "tab":0, "card": "rectangleCard", "sorting":"random", "title": "Membres", "articles": [4000,4001,4002,4003,4004,4005,4006,4007,4008] },
		{"id": 1, "tab":0, "card": "card", "title": "FORTHEM, c'est pour vous !", "articles": [1,10,2,11,12,14,13,130,19,18,16,17,1001,1002] },
		{"id": 2, "tab":0, "card": "card", "title": "Liens utiles", "articles": [6,3,3005,5,7,8,9,91] },	
		{"id": 3, "tab":1, "card": "rectangleCard", "sorting":"random", "title": "Membres", "articles": [4000,4001,4002,4003,4004,4005,4006,4007,4008] },
		{"id": 4, "tab":1, "card": "card", "title": "FORTHEM, c'est pour vous !", "articles": [2999,3000,3001,3002,3003,3004,3006,3007]},
		{"id": 5, "tab":1, "card": "card", "title": "Liens utiles", "articles": [6,3,3005,5005,90,91,8,9] }
   ],
   "articles": [
  {
    "id": 1,
    "title": "FORTHEM ?",
    "picture": "pexels-leah-kelley-3935702.jpg",
    "subtitle": "Tout FORTHEM, en résumé",
	"description": "",
	"href": {"slug":"en-resume"},
	"tags":[],
    "content": [{"component":"html", "content":"<p>FORTHEM implique l’idée de travailler pour EUX : pas seulement pour les étudiants, cela concerne aussi les membres du personnel.</p><p>Le but est de collaborer avec tous les acteurs des universités partenaires afin de bâtir ensemble l'avenir de l'espace européen de l'éducation, un espace basé sur des systèmes d'éducation et de formation résilients et basés sur l'avenir. Ces nouvelles coopérations internationales concernent aussi bien la mobilité que toutes les autres formes d'interactions de recherche, d'enseignement et d'innovation pouvant avoir lieu quotidiennement au sein des universités.</p><br><p>Alliance FORTHEM : une alliance pour une université plus Européenne. La mission principale est de penser à de nouvelles formes de coopérations afin de :</p><ul> <li>Travailler ensemble pour apporter un « esprit d’Europe » dans chaque cours</li><li>Partager et tirer parti des méthodes de travail les plus innovantes</li> <li>Construire un modèle commun pour toutes les universités européennes à venir</li><li>Développer son employabilité, donner un axe plus international à ses recherches, donner une envergure européenne à son enseignement,</li><li>Élargir sa culture à l’international et sa culture professionnelle, découvrir une autre communauté université</li><li>Inscrire nos universités dans une dynamique ambitieuse et sans frontières</li></ul>"}]
  },
  {
    "id": 10,
    "title": "Vue d'ensemble",
    "picture": "pexels-francis-seura-802412.jpg",
    "subtitle": "Les actions phares de l’Alliance pour les étudiants",
	"description": "",
	"href": {"slug":"vue-ensemble"},
	"tags":[],
    "content": [{"component":"html", "content":"<b>FORTHEM, c'est pour vous!</b><br><p>Vous avez envie de sortir de votre zone de confort, de mettre une touche d’Europe dans vos études, dans votre parcours professionnel, dans vos recherches ou de construire un parcours plus « européen » ?  <br>Sans hésiter, prenez l’option « FORTHEM ». </p><p><br><b>Pour quoi faire ?</b><br><p>FORTHEM peut vous permettre :</p><ul><li>d'échanger avec d'autres étudiants européens (<a data-navigo href=\"etudiants/vie-etudiante\">vie étudiante</a>, <a data-navigo href=\"etudiants/engagement-etudiant\">engagement étudiant</a>)</li><li>de <a data-navigo href=\"etudiants/partir-a-l-etranger\">partir à l'étranger</a> (pour une semaine, un semestre, etc.)</li><li>d'enrichir vos <a data-navigo href=\"etudiants/etudes\">études</a> (cours en autonomie, ECTS, etc.)</li><li>d'enrichir votre <a data-navigo href=\"etudiants/jobs-stages-emplois\">CV</a></li><li>de mener à bien un projet de recherche ou un <a data-navigo href=\"etudiants/mobilites-courtes\">projet personnel</a></li></ul><p><br><b>Les actions phares de l'Alliance pour les étudiants</b><br></p><ul><li><a data-navigo href=\"etudiants/mobilites-courtes\">Mobilités courtes collectives ou individuelles</a></li><li><a data-navigo href=\"etudiants/campus-forthem\">Campus FORTHEM</a></li><li><a data-navigo href=\"etudiants/engagement-etudiant\">Projets d'engagement civique</a></li><li>Ambassadeurs étudiants</li><li><a data-navigo href=\"etudiants/forthem-buddies\">Buddies FORTHEM</a></li><li><a data-navigo href=\"etudiants/jobs-stages-emplois\">Stages en entreprise</a></li><li>Semestres d'échange</li><li><a data-navigo href=\"etudiants/academie-numerique\">L'Académie Numérique</a></li><li>Le passeport FORTHEM</li></ul>"}]
  },
  {
    "id": 2,
    "title": "Erasmus ?",
    "picture": "erasmus.jpg",
    "subtitle": "FORTHEM, c'est Erasmus ?",
	"description": "erasmus",
	"href": {"slug":"erasmus"},
	"tags":[],
    "content": [{"component":"html", "content":"<p>Erasmus+ est un programme qui permet d’effectuer des séjours à l’étranger soutenus financièrement par l’Union européenne. Les étudiants peuvent partir en échange au sein des universités partenaires de leur établissement d’origine et aussi faire des stages dans tous les pays participant au programme Erasmus. Les enseignants-chercheurs peuvent donner des cours pendant quelques jours au sein des universités partenaires ou participer aux programmes spécifiques de formation qui sont également ouverts aux personnels administratifs.</p><p>L’Alliance FORTHEM bénéficie du soutien financier du programme Erasmus+ ce qui veut dire que nos étudiants et personnels peuvent effectuer des séjours d’études, de stage, de formation et d’enseignement au sein de nos 8 autres partenaires FORTHEM. Mais l’Alliance offre aussi de nombreuses autres possibilités que ça soit pour ses publics internes (étudiants et personnels) ou externes comme le monde économique local et les citoyens de nos régions !</p>"}]
  },
  {
    "id": 11,
    "title": "Études",
    "picture": "pexels-charlotte-may-5965839.jpg",
    "subtitle": "FORTHEM s'intègre dans votre cursus",
	"description": "",
	"href": {"slug":"etudes"},
	"tags":[],
    "content": [{"component":"html", "content":"<p>FORTHEM vous donne plusieurs possibilités de renforcer la dimension internationale de vos études.</p><h3>Dans votre cursus :</h3><ul><li>Partez en échange dans une université partenaire pour un ou deux semestres d’études (selon votre formation : parlez-en à votre responsable de cursus)<li>Vous aurez peut-être des cours enseignés en ligne pour travailler avec d’autres étudiants et d’autres professeurs du campus européen, à l’initiative de vos enseignants</li><li>Participez au Campus FORTHEM thématique qui se déroule chaque semestre dans une université différente</li></ul><h3>En plus de votre cursus (parcours personnalisés) : </h3><ul><li>Partez quelques jours dans une université partenaire FORTHEM pour mener à bien un projet personnel lié à vos études ou à un projet associatif, pris en charge par FORTHEM, grâce à une « mobilité courte individuelle ».</li><li>Choisissez des enseignements via l’académie numérique FORTHEM (MOOC ou cours en ligne avec professeur) pour gagner des crédits ECTS et des Open Badges FORTHEM attestant de vos compétences : cours de langues, cours de spécialités ouverts à tous.</li><li>Apprenez une langue de l’alliance.</li></ul>"}]
  },
  {
    "id": 12,
    "title": "Jobs, stages, emplois",
    "picture": "pexels-lukas-669621.jpg",
    "subtitle": "Un peu d'Europe dans votre CV !",
	"description": "",
	"href": {"slug":"jobs-stages-emplois"},
	"tags":[],
    "content": [{"component":"html", "content":"<p>FORTHEM vous permet de donner une nouvelle dimension à votre vie professionnelle :</p><div class=\"rectangle-cards-container\"><!-- card --><div class=\"rectangle-card box rounded\"><a href=\"https://www.forthem-alliance.eu/get-involved/students/company-internships\" target=\"_blank\" rel=\"noopener noreferrer\"><div class=\"rectangle-card-content\"><div class=\"rectangle-card-center\"><div class=\"rectangle-card-thumb\" style=\"background: url('/img/stage-entreprise.jpg');\"></div><div class=\"rectangle-card-title\">stage en entreprise</div></div></div></a></div><!-- card --><div class=\"rectangle-card box rounded\"><a href=\"https://www.forthem-alliance.eu/get-involved/students/internship-in-schools\" target=\"_blank\" rel=\"noopener noreferrer\"><div class=\"rectangle-card-content\"><div class=\"rectangle-card-center\"><div class=\"rectangle-card-thumb\" style=\"background: url('/img/stages-etablissements-scolaires.jpg');\"></div><div class=\"rectangle-card-title\">stage en  établissement scolaire</div></div></div></a></div><!-- card --><div class=\"rectangle-card box rounded\"><a href=\"https://www.forthem-alliance.eu/get-involved/students/work-experience-with-forthem-labs\" target=\"_blank\" rel=\"noopener noreferrer\"><div class=\"rectangle-card-content\"><div class=\"rectangle-card-center\"><div class=\"rectangle-card-thumb\" style=\"background: url('/img/travail-laboratoire.jpg');\"></div><div class=\"rectangle-card-title\">travail au sein d'un laboratoire de recherche</div></div></div></a></div><!-- end --></div><div class=\"quote\"><p>« Je pense que n’importe quel étudiant qui souhaite améliorer son anglais, rencontrer de nouvelles personnes, étendre son réseau et booster son CV devrait réaliser un stage à l’étranger, en plus de vivre une belle expérience au niveau social, professionnel et culturel ! Je suis conscient que cela peut faire peur et peut ne pas être simple au début. Je pense que si la personne à la moindre envie de partir, il ne faut pas hésiter »</p><a href=\"https://ub-link.u-bourgogne.fr/wp-content/uploads/NEWS.-ETU.-JUIN-21_compressed.pdf\">Louis Prudent, ancien stagiaire à l'université de Valence</a></div><br><p>Pour les stages courts (entre 2 et 6 semaines), vous recevrez une bourse destinée à couvrir les frais de voyage et un support individuel hebdomadaire.</p><p>Pour les stages longs, vous pourrez postuler à une bourse Erasmus + et à une bourse de la région.</p>"}]
  },
  {
    "id": 13,
    "title": "Engagement étudiant",
    "picture": "pexels-markus-spiske-2990604.jpg",
    "subtitle": "Vie associative, engagement civique, démocratie étudiante",
	"description": "",
	"href": {"slug":"engagement-etudiant", "more":{"label":"En savoir plus","href":"https://ub-link.u-bourgogne.fr/actualites/26063.html"}},
	"tags":[],
    "content": [{"component":"html", "content":"<h3>Projets d'engagement civique</h3><p>Envie de changer le monde avec d’autres étudiants européens ? Une idée pour améliorer notre vie en Europe ou ailleurs dans le monde ? <br>À titre individuel ou en association étudiante, FORTHEM peut contribuer à financer votre initiative, en soutenant votre groupe et en donnant une visibilité à votre projet qui implique des étudiants d’au moins deux autres universités partenaires de l'Alliance.</p><p>Le projet doit répondre à l’un des objectifs de l’<a href=\"https://www.un.org/sustainabledevelopment/sustainable-development-goals\">Agenda 2030 des Nations Unies</a>.</p><br><b>Comment participer ?</b><ol><li>Élaborez une idée en vous assurant que le projet contribue à résoudre une problématique sociétale actuelle</li><li><a href=\"https://discord.com/channels/809102849983774738/809106337694613539\">Contactez d’autres étudiants</a> d’au moins deux autres universités partenaires de l’alliance FORTHEM</li><li>Formulaire en ligne</li></ol><p>Si votre projet est retenu, l’Alliance peut contribuer à le financer (jusqu’à 1000 € + vos frais de voyage, d’hébergement et de repas pour deux rencontres avec les autres participants, dans la limite de 8 participants par rencontre).</p><br>L'engagement étudiant au sein de FORTHEM, c'est aussi la vie associative, la démocratie étudiante... Parlez-en !<br><!-- https://ub-link.u-bourgogne.fr/actualites/26063.html -->"}]
  },
  {
    "id": 14,
    "title": "Partir à l'étranger",
    "picture": "partir-etranger2.jpg",
    "subtitle": "Partir quelques jours ou même un semestre avec FORTHEM",
	"description": "",
	"href": {"slug":"partir-a-l-etranger"},
	"tags":[],
    "content": [{"component":"html", "content":"<p>Plusieurs possibilités s'offrent à vous pour partir à l'étranger dans le cadre de FORTHEM :</p><br><b>Pour quelques jours</b><ul><li>Mobilités courtes collectives</li><li>Mobilités courtes individuelles</li></ul><br><b>Pour plusieurs semaines</b><ul><li>Campus FORTHEM</li><li>stage</li></ul>"}]
  },
  {
    "id": 3,
    "title": "Réseaux sociaux",
    "picture": "pexels-pixabay-267350.jpg",
    "subtitle": "L'actalité FORTHEM sur les réseaux sociaux",
	"description": "<p>Retrouvez FORTHEM sur les réseaux sociaux !</p>[logos / liens]",
	"href": {"slug":"reseaux-sociaux"},
	"tags":[],
    "content": [{"component":"html", "content":"<h3>FORTHEM :</h3><a href=\"https://www.linkedin.com/company/76514654\" rel=\"noopener noreferrer nofollow noopener noreferrer\" style=\"margin: 0px 12px 0px 0px; padding: 0px; border: 0px; font: inherit; vertical-align: baseline;\" target=\"_blank\"><img src=\"/img/linkedin.png\" alt=\"LinkedIn\" style=\"margin: 0px; padding: 0px; border: 0px; font: inherit; vertical-align: baseline; color: inherit;\" /></a>&nbsp;<a href=\"https://www.facebook.com/forthemalliance\" rel=\"noopener noreferrer nofollow noopener noreferrer\" style=\"margin: 0px 12px 0px 0px; padding: 0px; border: 0px; font: inherit; vertical-align: baseline;\" target=\"_blank\"><img src=\"/img/facebook.png\" alt=\"Facebook\" style=\"margin: 0px; padding: 0px; border: 0px; font: inherit; vertical-align: baseline; color: inherit;\" /></a>&nbsp;<a href=\"https://www.instagram.com/forthem_alliance\" rel=\"noopener noreferrer nofollow noopener noreferrer\" style=\"margin: 0px 12px 0px 0px; padding: 0px; border: 0px; font: inherit; vertical-align: baseline;\" target=\"_blank\"><img src=\"/img/instagram.png\" alt=\"Instagram\" style=\"margin: 0px; padding: 0px; border: 0px; font: inherit; vertical-align: baseline; color: inherit;\" /></a>&nbsp;<a href=\"https://twitter.com/FORTHEMAlliance\" rel=\"noopener noreferrer nofollow noopener noreferrer\" style=\"margin: 0px 12px 0px 0px; padding: 0px; border: 0px; font: inherit; vertical-align: baseline;\" target=\"_blank\"><img src=\"/img/twitter.png\" alt=\"Twitter\" style=\"margin: 0px; padding: 0px; border: 0px; font: inherit; vertical-align: baseline; color: inherit;\" /></a>&nbsp;<a href=\"https://discord.com/channels/809102849983774738/809106337694613539\" rel=\"noopener noreferrer nofollow noopener noreferrer\" style=\"margin: 0px 12px 0px 0px; padding: 0px; border: 0px; font: inherit; vertical-align: baseline;\" target=\"_blank\"><img src=\"/img/discord.png\" alt=\"Discord\" style=\"margin: 0px; padding: 0px; border: 0px; font: inherit; vertical-align: baseline; color: inherit;\" /></a><br><br><h3>FIT FORTHEM (recherche) :</h3><a href=\"https://www.linkedin.com/company/fitforthem/\" rel=\"noopener noreferrer nofollow noopener noreferrer\" style=\"margin: 0px 12px 0px 0px; padding: 0px; border: 0px; font: inherit; vertical-align: baseline;\" target=\"_blank\"><img src=\"/img/linkedin.png\" alt=\"LinkedIn\" style=\"margin: 0px; padding: 0px; border: 0px; font: inherit; vertical-align: baseline; color: inherit;\" /></a>&nbsp;<a href=\"https://twitter.com/FitForThem\" rel=\"noopener noreferrer nofollow noopener noreferrer\" style=\"margin: 0px 12px 0px 0px; padding: 0px; border: 0px; font: inherit; vertical-align: baseline;\" target=\"_blank\"><img src=\"/img/twitter.png\" alt=\"Twitter\" style=\"margin: 0px; padding: 0px; border: 0px; font: inherit; vertical-align: baseline; color: inherit;\" /></a>"}]
  },
  {
    "id": 4000,
    "title": "Johannes Gutenberg",
	"thumb": "JGU.svg",
    "picture": "JGU.jpg",
    "subtitle": "Mayence, Allemagne",
	"description": "",
	"href": {"slug":"JGU"},
	"tags":[],
    "content": [{"component":"html", "content":"<img src=\"/img/JGU_full.svg\" style=\"width: 300px; height: auto;\"/><h3>Johannes Gutenberg-Universität Mainz /  université Johannes Gutenberg de Mayence, Allemagne (JGU)</h3><section class=\"videos\"><div class=\"video-grid front-page\" id=\"front-page-videos\"><ul class=\"video-list featured\"><li class=\"video featured\"><a data-fancybox href=\"https://youtu.be/Ql1fsPvLi1s\" class=\"featured-video\"><figure class=\"box rounded\" style=\"background-image: url(https://img.youtube.com/vi/Ql1fsPvLi1s/hqdefault.jpg);\" onload=\"this.style.opacity = '1';\"><img src=\"placeholder.png\" /><figcaption>L'université</figcaption></figure></a></li><li class=\"video featured\"><a data-fancybox href=\"https://youtu.be/K8pfcFR7fqo\" class=\"featured-video\"><figure class=\"box rounded\" style=\"background-image: url(https://img.youtube.com/vi/K8pfcFR7fqo/hqdefault.jpg);\" onload=\"this.style.opacity = '1';\"><img src=\"/placeholder.png\" /><figcaption>Les rues de Mayence</figcaption></figure></a></li></ul></div></div>"}]
  },
  {
    "id": 4001,
    "title": "université de Valence",
	"thumb": "UV.svg",
    "picture": "UV.jpg",
    "subtitle": "Valence, Espagne",
	"description": "",
	"href": {"slug":"UV"},
	"tags":[],
    "content": [{"component":"html", "content":"<img src=\"/img/UV_full.svg\" style=\"width: 300px; height: auto;\"/><h3>Universitat de València / université de Valence, Espagne (UV)</h3><section class=\"videos\"><div class=\"video-grid front-page\" id=\"front-page-videos\"><ul class=\"video-list featured\"><li class=\"video featured\"><a data-fancybox href=\"https://youtu.be/90zO4uLsXSo\" class=\"featured-video\"><figure class=\"box rounded\" style=\"background-image: url(https://img.youtube.com/vi/90zO4uLsXSo/hqdefault.jpg);\" onload=\"this.style.opacity = '1';\"><img src=\"placeholder.png\" /><figcaption>L'université</figcaption></figure></a></li><li class=\"video featured\"><a data-fancybox href=\"https://youtu.be/VvA7OezEL60\" class=\"featured-video\"><figure class=\"box rounded\" style=\"background-image: url(https://img.youtube.com/vi/VvA7OezEL60/hqdefault.jpg);\" onload=\"this.style.opacity = '1';\"><img src=\"/placeholder.png\" /><figcaption>Les rues de València</figcaption></figure></a></li></ul></div></div>"}]
  },
  {
    "id": 4002,
    "title": "université de Jyväskylä",
	"thumb": "JYU.svg",
    "picture": "JYU.jpg",
    "subtitle": "Jyväskylä, Finlande",
	"description": "",
	"href": {"slug":"JYU"},
	"tags":[],
     "content": [{"component":"html", "content":"<img src=\"/img/JYU_full.svg\" style=\"width: 300px; height: auto;\"/><h3>Jyväskylän yliopisto / université de Jyväskylä, Finlande (JYU)</h3><section class=\"videos\"><div class=\"video-grid front-page\" id=\"front-page-videos\"><ul class=\"video-list featured\"><li class=\"video featured\"><a data-fancybox href=\"https://youtu.be/PvuN9Ttur1o\" class=\"featured-video\"><figure class=\"box rounded\" style=\"background-image: url(https://img.youtube.com/vi/PvuN9Ttur1o/hqdefault.jpg);\" onload=\"this.style.opacity = '1';\"><img src=\"placeholder.png\" /><figcaption>L'université</figcaption></figure></a></li><li class=\"video featured\"><a data-fancybox href=\"https://youtu.be/OuMeX6z3_D8\" class=\"featured-video\"><figure class=\"box rounded\" style=\"background-image: url(https://img.youtube.com/vi/OuMeX6z3_D8/hqdefault.jpg);\" onload=\"this.style.opacity = '1';\"><img src=\"/placeholder.png\" /><figcaption>Les rues de Jyväskylä</figcaption></figure></a></li></ul></div></div>"}]
  },
  {
    "id": 4003,
    "title": "université de Bourgogne",
	"thumb": "uB.svg",
    "picture": "uB.jpg",
    "subtitle": "Bourgogne, France",
	"description": "",
	"href": {"slug":"presentation-ub-link", "external":"https://www.u-bourgogne.fr"},
	"tags":[],
     "content": [{"component":"html", "content":"<img src=\"/img/uB_full.svg\" style=\"width: 300px; height: auto;\"/><h3>université de Bourgogne (uB)</h3><section class=\"videos\"><div class=\"video-grid front-page\" id=\"front-page-videos\"><ul class=\"video-list featured\"><li class=\"video featured\"><a data-fancybox href=\"https://youtu.be/xcS20NBAoxc\" class=\"featured-video\"><figure class=\"box rounded\" style=\"background-image: url(https://img.youtube.com/vi/xcS20NBAoxc/hqdefault.jpg);\" onload=\"this.style.opacity = '1';\"><img src=\"placeholder.png\" /><figcaption>L'université</figcaption></figure></a></li><li class=\"video featured\"><a data-fancybox href=\"https://youtu.be/EVuqF_LzfqE\" class=\"featured-video\"><figure class=\"box rounded\" style=\"background-image: url(https://img.youtube.com/vi/EVuqF_LzfqE/hqdefault.jpg); background-size: 110%;\" onload=\"this.style.opacity = '1';\"><img src=\"/placeholder.png\" /><figcaption>La Bourgogne vue du ciel</figcaption></figure></a></li></ul></div></div>"}]
  },
  {
    "id": 4004,
    "title": "université de Palerme",
	"thumb": "UNIPA.svg",
    "picture": "UNIPA.jpg",
    "subtitle": "Palerme, Italie",
	"description": "",
	"href": {"slug":"UniPa"},
	"tags":[],
    "content": [{"component":"html", "content":"<img src=\"/img/UNIPA_full.svg\" style=\"width: 300px; height: auto;\"/><h3>Universita' degli Studi di Palermo / université de Palerme, Italie (UniPa)</h3><section class=\"videos\"><div class=\"video-grid front-page\" id=\"front-page-videos\"><ul class=\"video-list featured\"><li class=\"video featured\"><a data-fancybox href=\"https://youtu.be/jqMgDxrU8CA\" class=\"featured-video\"><figure class=\"box rounded\" style=\"background-image: url(https://img.youtube.com/vi/jqMgDxrU8CA/hqdefault.jpg);\" onload=\"this.style.opacity = '1';\"><img src=\"placeholder.png\" /><figcaption>L'université</figcaption></figure></a></li><li class=\"video featured\"><a data-fancybox href=\"https://youtu.be/MTG3VA-m6qk\" class=\"featured-video\"><figure class=\"box rounded\" style=\"background-image: url(https://img.youtube.com/vi/MTG3VA-m6qk/hqdefault.jpg);\" onload=\"this.style.opacity = '1';\"><img src=\"/placeholder.png\" /><figcaption>Les rues de Palerme</figcaption></figure></a></li></ul></div></div>"}]
  },
  {
    "id": 4005,
    "title": "université de Lettonie",
	"thumb": "LU.svg",
    "picture": "LU.jpg",
    "subtitle": "Riga, Lettonie",
	"description": "",
	"href": {"slug":"LU"},
	"tags":[],
    "content": [{"component":"html", "content":"<img src=\"/img/LU_full.svg\" style=\"width: 300px; height: auto;\"/><h3>Latvijas Universitāte / université de Lettonie (LU)</h3><section class=\"videos\"><div class=\"video-grid front-page\" id=\"front-page-videos\"><ul class=\"video-list featured\"><li class=\"video featured\"><a data-fancybox href=\"https://youtu.be/4pS6J3uutC8\" class=\"featured-video\"><figure class=\"box rounded\" style=\"background-image: url(https://img.youtube.com/vi/4pS6J3uutC8/hqdefault.jpg);\" onload=\"this.style.opacity = '1';\"><img src=\"placeholder.png\" /><figcaption>L'université</figcaption></figure></a></li><li class=\"video featured\"><a data-fancybox href=\"https://youtu.be/CjLTzAYD3GA\" class=\"featured-video\"><figure class=\"box rounded\" style=\"background-image: url(https://img.youtube.com/vi/CjLTzAYD3GA/hqdefault.jpg);\" onload=\"this.style.opacity = '1';\"><img src=\"/placeholder.png\" /><figcaption>Les rues de Riga</figcaption></figure></a></li></ul></div></div>"}]
  },
  {
    "id": 4006,
    "title": "université d'Agder",
	"thumb": "UIA.svg",
    "picture": "UIA.jpg",
    "subtitle": "Agder, Norvège",
	"description": "",
	"href": {"slug":"UiA"},
	"tags":[],
	"content": [{"component":"html", "content":"<img src=\"/img/UIA_full.svg\" style=\"width: 300px; height: auto;\"/><h3>Universitetet i Agder / université d'Agder, Norvège (UiA)</h3><section class=\"videos\"><div class=\"video-grid front-page\" id=\"front-page-videos\"><ul class=\"video-list featured\"><li class=\"video featured\"><a data-fancybox href=\"https://youtu.be/-VxgQXJQSK8\" class=\"featured-video\"><figure class=\"box rounded\" style=\"background-image: url(https://img.youtube.com/vi/-VxgQXJQSK8/hqdefault.jpg);\" onload=\"this.style.opacity = '1';\"><img src=\"placeholder.png\" /><figcaption>L'université</figcaption></figure></a></li><li class=\"video featured\"><a data-fancybox href=\"https://youtu.be/f9r0V0d8DBo\" class=\"featured-video\"><figure class=\"box rounded\" style=\"background-image: url(https://img.youtube.com/vi/f9r0V0d8DBo/hqdefault.jpg);\" onload=\"this.style.opacity = '1';\"><img src=\"/placeholder.png\" /><figcaption>Les rues de Kristiansand</figcaption></figure></a></li></ul></div></div>"}]
  },
  {
    "id": 4007,
    "title": "université d'Opole",
	"thumb": "UO.svg",
    "picture": "UO.jpg",
    "subtitle": "Opole, Pologne",
	"description": "",
	"href": {"slug":"UO"},
	"tags":[],
	"content": [{"component":"html", "content":"<img src=\"/img/UO_full.svg\" style=\"width: 300px; height: auto;\"/><h3>Univwersytet Opolski / université d'Opole, Pologne (UO)</h3><section class=\"videos\"><div class=\"video-grid front-page\" id=\"front-page-videos\"><ul class=\"video-list featured\"><li class=\"video featured\"><a data-fancybox href=\"https://youtu.be/zfUfNRtDdM8\" class=\"featured-video\"><figure class=\"box rounded\" style=\"background-image: url(https://img.youtube.com/vi/zfUfNRtDdM8/hqdefault.jpg);\" onload=\"this.style.opacity = '1';\"><img src=\"placeholder.png\" /><figcaption>L'université</figcaption></figure></a></li><li class=\"video featured\"><a data-fancybox href=\"https://youtu.be/GSe0zN8nDXY\" class=\"featured-video\"><figure class=\"box rounded\" style=\"background-image: url(https://img.youtube.com/vi/GSe0zN8nDXY/hqdefault.jpg);\" onload=\"this.style.opacity = '1';\"><img src=\"/placeholder.png\" /><figcaption>Les rues d'Opole</figcaption></figure></a></li></ul></div></div>"}]
  },
  {
    "id": 4008,
    "title": "université Lucian Blaga",
	"thumb": "ULBS.svg",
    "picture": "ULBS.jpg",
    "subtitle": "Sibiu, Roumanie",
	"description": "",
	"href": {"slug":"ULBS"},
	"tags":[],
	"content": [{"component":"html", "content":"<img src=\"/img/ULBS_full.svg\" style=\"width: 300px; height: auto;\"/><h3>Universitatea Lucian Blaga din Sibiu / Université Lucian Blaga de Sibiu, Roumanie (ULBS)</h3><section class=\"videos\"><div class=\"video-grid front-page\" id=\"front-page-videos\"><ul class=\"video-list featured\"><li class=\"video featured\"><a data-fancybox href=\"https://youtu.be/7FrpdcsfPsE\" class=\"featured-video\"><figure class=\"box rounded\" style=\"background-image: url(https://img.youtube.com/vi/7FrpdcsfPsE/hqdefault.jpg);\" onload=\"this.style.opacity = '1';\"><img src=\"placeholder.png\" /><figcaption>L'université</figcaption></figure></a></li><li class=\"video featured\"><a data-fancybox href=\"https://youtu.be/jLXAyIKT4ik\" class=\"featured-video\"><figure class=\"box rounded\" style=\"background-image: url(https://img.youtube.com/vi/jLXAyIKT4ik/hqdefault.jpg);\" onload=\"this.style.opacity = '1';\"><img src=\"/placeholder.png\" /><figcaption>Les rues de Sibiu</figcaption></figure></a></li></ul></div></div>"}]
  },
  {
    "id": 5,
    "title": "FORTHEM sur uB-link",
    "picture": "forthem-ub-link.jpg",
    "subtitle": "Présentation de FORTHEM sur ub-link",
	"description": "",
	"href": {"slug":"presentation-ub-link","external":"https://ub-link.u-bourgogne.fr/partir-a-l-etranger/universites-europeennes-alliance-forthem.html"},
	"tags":[],
    "content": [{"component":"html", "content":"<a href=\"https://ub-link.u-bourgogne.fr/partir-a-l-etranger/universites-europeennes-alliance-forthem.html\" target=\"_blank\" rel=\"noopener noreferrer\">Présentation de FORTHEM sur uB-link</a>"}]
  },
  {
    "id": 5005,
    "title": "FORTHEM sur u-bourgogne.fr",
    "picture": "forthem-u-bourgogne.jpg",
    "subtitle": "Présentation de FORTHEM sur u-bourgogne.fr",
	"description": "",
	"href": {"slug":"presentation-u-bourgogne","external":"https://www.u-bourgogne.fr/international/initiative-universites-europeennes-alliance-forthem"},
	"tags":[],
    "content": [{"component":"html", "content":"<a href=\"https://www.u-bourgogne.fr/international/initiative-universites-europeennes-alliance-forthem\" target=\"_blank\" rel=\"noopener noreferrer\">Présentation de FORTHEM sur u-bourgogne.fr</a>"}]
  },
  {
    "id": 6,
    "title": "Site Internet",
    "picture": "forthem-alliance-dot-eu.jpg",
    "subtitle": "Le site Internet de l'Alliance FORTHEM",
	"description": "",
	"href": {"slug":"site-internet","external":"https://www.forthem-alliance.eu"},
	"tags":[],
    "content": [{"component":"html", "content":"<a href=\"https://www.forthem-alliance.eu\" target=\"_blank\" rel=\"noopener noreferrer\">Site Internet FORTHEM</a>"}]
  },
  {
    "id": 7,
    "title": "Discord",
    "picture": "discord.jpg",
    "subtitle": "FORTHEM est sur Discord !",
	"description": "",
	"href": {"slug":"discord","external":"https://discord.com/invite/9Ad8Mtr6g8"},
	"tags":[],
    "content": [{"component":"html", "content":"<a href=\"https://discord.com/invite/9Ad8Mtr6g8\" target=\"_blank\" rel=\"noopener noreferrer\">International Hub Over Borders</a>"}]
  },
  {
    "id": 8,
    "title": "Instagram",
    "picture": "logo-instagram.jpg",
    "subtitle": "La page Instagram de FORTHEM",
	"description": "",
	"href": {"slug":"instagram","external":"https://www.instagram.com/forthem_alliance"},
	"tags":[],
    "content": [{"component":"html", "content":"<a href=\"https://www.instagram.com/forthem_alliance\" target=\"_blank\" rel=\"noopener noreferrer\">FORTHEM sur Instagram</a>"}]
  },
   {
    "id": 9,
    "title": "Facebook",
    "picture": "logo-facebook.jpg",
    "subtitle": "La page Facebook de FORTHEM",
	"description": "",
	"href": {"slug":"facebook","external":"https://www.facebook.com/forthemalliance"},
	"tags":[],
    "content": [{"component":"html", "content":"<a href=\"https://www.facebook.com/forthemalliance\" target=\"_blank\" rel=\"noopener noreferrer\">FORTHEM sur Facebook</a>"}]
  },
  {
    "id": 90,
    "title": "LinkedIn",
    "picture": "logo-linkedin.jpg",
    "subtitle": "La page LinkedIn de FORTHEM",
	"description": "",
	"href": {"slug":"facebook","external":"https://www.facebook.com/forthemalliance"},
	"tags":[],
    "content": [{"component":"html", "content":"<a href=\"https://www.facebook.com/forthemalliance\" target=\"_blank\" rel=\"noopener noreferrer\">FORTHEM sur Facebook</a>"}]
  },
  {
    "id": 91,
    "title": "Twitter",
    "picture": "logo-twitter.jpg",
    "subtitle": "La page Twitter de FORTHEM",
	"description": "",
	"href": {"slug":"facebook","external":"https://twitter.com/FORTHEMAlliance"},
	"tags":[],
    "content": [{"component":"html", "content":"<a href=\"https://twitter.com/FORTHEMAlliance\" target=\"_blank\" rel=\"noopener noreferrer\">FORTHEM sur Facebook</a>"}]
  },
  {
    "id": 130,
    "title": "Ambassadeurs étudiants",
    "picture": "ambassadeurs-etudiants.jpg",
    "subtitle": "Promouvoir les opportunités de l'Alliance FORTHEM",
	"description": "",
	"href": {"slug":"ambassadeurs-etudiants"},
	"tags":[],
    "content": [{"component":"html", "content":"<p>Devenez ambassadeur étudiant à l’uB et aidez-nous à promouvoir les opportunités de l’Alliance auprès de la communauté étudiante.<\/p><p>Vous pourrez gagner de l’expérience en gestion de projet et aurez de réelles responsabilités auprès de l’uB et des universités partenaires.<\/p><p>L’Alliance pourra financer vos projets et des rencontres avec les autres ambassadeurs étudiants de l’Alliance, et vous aurez un réel poids décisionnel dans la continuité des projets de l’Alliance.<\/p>"}]
  },
  {
    "id": 131,
    "title": "Semestres d'échange",
    "picture": "semestre-echange.jpg",
    "subtitle": "Partir dans une université partenaire",
	"description": "",
	"href": {"slug":"semestre-echange",  "more":{"label":"En savoir plus","href":"https://ub-link.u-bourgogne.fr/partir-a-l-etranger/etudes/programme-erasmus-plus.html"}},
	"tags":[],
    "content": [{"component":"html", "content":"<p>Partez un ou deux semestres dans une de nos universités partenaires dans le cadre d’un échange Erasmus +. Les accords de coopération sont signés chaque année pour permettre aux étudiants de choisir entre une multitude de filières d’études.<\/p><p>Votre mobilité sera financée par une bourse Erasmus +<\/p><p>Pour plus d’informations, rendez-vous sur <a href=\"https://ub-link.u-bourgogne.fr/partir-a-l-etranger/etudes/programme-erasmus-plus.html\" target=\"_blank\" rel=\"noopener noreferrer\">le portail étudiant de l’université de Bourgogne uB link dans la rubrique « Partir à l’étranger »</a></p>"}]
  },
  {
    "id": 16,
    "title": "Académie numérique",
    "picture": "academie-numerique.jpg",
    "subtitle": "L'Académie numérique FORTHEM vous propose des cours en accès libre",
	"description": "",
	"href": {"slug":"academie-numerique",  "more":{"label":"En savoir plus","href":"/Academie Numerique FORTHEM.pdf"}},
	"tags":[],
    "content": [{"component":"html", "content":"<p><a href=\"https://elearning.forthem-alliance.eu/\" target=\"_blank\" rel=\"noopener noreferrer\">L'académie numérique FORTHEM</a> relie les différentes plateformes de l'Alliance destinées aux étudiants et aux personnels pour les cours en ligne, les mobilités virtuelles et la collaboration. Vous y retrouverez les activités et cours proposés par les universités membres de l'Alliance.</p><p>Plusieurs cours sont disponibles sur <a href=\"https://plubel-prod.u-bourgogne.fr/blocks/forthem/\" target=\"_blank\" rel=\"noopener noreferrer\">Plubel.</a>"}]
  },
  {
    "id": 17,
    "title": "Open badges",
    "picture": "badges.jpg",
    "subtitle": "Des badges pour certifier et partager vos activités FORTHEM",
	"description": "",
	"href": {"slug":"open-badges"},
	"tags":[],
    "content": [{"component":"html", "content":"<img src=\"/img/open-badge.svg\" style=\"max-width: 300px; height: auto;\"/><br><p>Vos compétences deviennent visibles avec les Open Badges, des certificats numériques partageables sur les réseaux sociaux, qui attestent de votre participation aux activités FORTHEM.</p><p>Servez-vous des Open badges pour faire valoir vos crédits ECTS au sein de votre formation, grâce au « Passeport ECTS FORTHEM ».</p><div class=\"clearfix\"></div>"}]
  },
  {
    "id": 170,
    "title": "Passeport FORTHEM",
    "picture": "passeport-forthem.jpg",
    "subtitle": "Bientôt le passeport ECTS FORTHEM",
	"description": "",
	"href": {"slug":"passeport-forthem"},
	"tags":[],
    "content": [{"component":"html", "content":"<p>Validation des activités FORTHEM dans le cadre d’une UE avec validation des crédits.</p><p>En cours de création.</p>"}]
  },
  {
    "id": 18,
    "title": "Apprenez d'autres langues !",
    "picture": "cours-langue.jpg",
    "subtitle": "FORTHEM propose des outils pour apprendre d'autres langues",
	"description": "",
	"href": {"slug":"cours-de-langue"},
	"tags":[],
    "content": [{"component":"html", "content":"<p>Pour vous initier aux différentes langues de nos partenaires (finnois, espagnol, italien, allemand, polonais, letton, roumain et norvégien) ou encore approfondir votre niveau d'anglais, FORTHEM propose des cours et outils en ligne.</p><p>Retrouvez sur Discord des étudiants des universités partenaires qui proposent de vous faire pratiquer leur langue. Renseignez-vous auprès du Centre de Langues pour d’autres opportunités de suivre des cours de langues sur le campus dijonnais </p>"}]
  },
  {
    "id": 19,
    "title": "Vie étudiante",
    "picture": "partir-etranger.jpg",
    "subtitle": "Échanger, rencontrer du monde, partager une passion, etc.",
	"description": "",
	"href": {"slug":"vie-etudiante"},
	"tags":[],
    "content": [{"component":"html", "content":"<p><b>Vers un campus européen avec FORTHEM</b></p><p>Pour  échanger, découvrir de nouvelles cultures... donnez une dimension européenne à votre vie étudiante !</p><p>Quelques exemples :</p><ul><li>Faites-vous des amis aux quatre coins de l’Europe, en rejoignant le <a href=\"https://www.forthem-alliance.eu/get-involved/students/forthem-buddy-programme/\">« Buddy Programme »</a> de FORTHEM !</li><li>Parlez de jeux vidéos, de cinéma ou encore de cuisine sur <a href=\"https://discord.com/channels/809102849983774738/809106337694613539\">Discord</a></li><li>Rejoignez les <a href=\"https://www.facebook.com/forthem.ub/\">Ambassadeurs Etudiants FORTHEM</a></li></ul>"}]
  },
  {
    "id": 20,
    "title": "Mobilités courtes",
    "picture": "stm-postcard.jpg",
    "subtitle": "Pour partir quelques jours avec un financement",
	"description": "",
	"href": {"slug":"mobilites-courtes"},
	"tags":[],
    "content": [{"component":"html", "content":"<p>Partez une semaine dans l’une des universités de l'Alliance.<br>Frais de voyage et de mobilité (hébergement, repas) pris en charge.</p><div class=\"box rounded\" style=\"padding: 1em;\">Deux appels par an : en automne et au printemps !</div><br><h3>Mobilités courtes collectives</h3><p>Mobilités d’une durée de 4 à 7 jours avec des étudiants de toutes les universités partenaires, le thème est prévu en avance et des workshops et ateliers sont organisés toute la semaine.</p><p>Consultez la liste des <a href=\"https://www.forthem-alliance.eu/get-involved/students/collective-short-term-mobility-programmes\">derniers projets effectués</a> pour plus d’inspiration !</p><p>Pour plus d'information, consultez la page <a href=\"https://www.forthem-alliance.eu/get-involved/students/collective-short-term-mobilitiy/\">mobilités courtes collectives.</a></p><br><h3>Mobilités courtes individuelles</h3><p>Vous avez besoin de faire un court séjour au sein de l'une des universités de l'Alliance (travail sur le terrain, recherche, expérimentation, liens associatifs, etc.) ?</p><p>Les mobilités courtes individuelles peuvent vous permettre de parir jusqu’à 5 jours dans l'une des universités partenaires, pour mettre en œuvre un projet d’étude personnel.</p><p>Pour plus d'information, consultez la page <a href=\"https://www.forthem-alliance.eu/get-involved/students/individual-short-term-mobility/\">mobilités courtes individuelles.</a></p><br><br><img src=\"/img/stm-postcard.jpg\" style=\"max-width: 100%; height: auto;\" \/>"}]
  },
  {
    "id": 1001,
    "title": "Buddies FORTHEM",
    "picture": "pexels-helena-lopes-708392.jpg",
    "subtitle": "Faites partie d'un groupe d'étudiants européens !",
	"description": "",
	"href": {"slug":"forthem-buddies"},
	"tags":[],
    "content": [{"component":"html", "content":"<p><b>Faites-vous des amis aux quatre coins de l’Europe,<br> rejoignez le « Buddy Programme » de FORTHEM !</b></p><p>En rejoignant l’uB, vous avez également rejoint l’université européenne FORTHEM , qui vous invite à mener vos études à l’international.</p><p>En tant que Buddy FORTHEM, vous serez mis en relation avec un étudiant de chaque université partenaire, pour former votre « Buddy Group ». Votre groupe d'étudiants aura ensuite la possibilité de participer à des « Buddy Challenges » en ligne, de gagner des badges, des prix et peut-être même un voyage pour une rencontre en direct.</p>"}]
  },
  {
    "id": 1002,
    "title": "Campus FORTHEM",
    "picture": "forthem-campus.png",
    "subtitle": "Un semestre à thème au sein d'une université FORTHEM",
	"description": "",
	"href": {"slug":"campus-forthem"},
	"tags":[],
    "content": [{"component":"html", "content":"<p>Un semestre d’échange dans une des universités partenaires de l’Alliance (financement grâce aux bourses Erasmus + et régionales).<br> Ce semestre d'échange combine des études liées à votre discipline avec un programme thématique spécial, en lien avec les <a target=\"_blank\" rel=\"noopener noreferrer\" href=\"https://www.forthem-alliance.eu/objectives/labs/\">Labs FORTHEM</a>.<br> <br>Les procédures de candidature, les cours disponibles et les informations pratiques supplémentaires sont disponibles sur la <a href=\"https://www.forthem-alliance.eu/get-involved/students/forthem-campus/\">page Campus FORTHEM</a>.</p>"}]
  },
  {
	"id": 2999,
    "title": "Vue d'ensemble",
    "picture": "pexels-skitterphoto-63901.jpg",
    "subtitle": "Ce que FORTHEM peut vous apporter",
	"description": "",
	"href": {"slug":"vue-ensemble-personnels"},
	"tags":[],
    "content": [{"component":"html", "content":"<b>FORTHEM : pour eux et pour nous !</b><p>Vous avez envie de sortir de votre zone de confort, de mettre une touche d’Europe dans votre parcours professionnel, dans vos recherches ou de construire un parcours plus « européen » avec vos étudiants ?<br>Sans hésiter, optez pour l’option « FORTHEM ».</p>  <p>FORTHEM, Alliance de 9 universités de 9 pays différents (Finlande, Lettonie, Pologne, Allemagne, France, Espagne, Italie, Roumanie, Norvège) est le dispositif qui permet à l’université de Bourgogne de devenir pleinement une université européenne et de contribuer à la construction d’un campus européen.</p>    <p>Concrètement, cela s’illustre par la possibilité de travailler, de collaborer avec nos homologues européens de l’alliance, de partager, de créer des projets et des échanges.</p>   <p>Qui peut participer ? Toute la communauté universitaire !</p>    <p>Etudiants, enseignants-chercheurs, contractuels, BIATSS, vacataires, personnels des bibliothèques, techniciens, tout le monde a sa place au sein de l’Alliance FORTHEM</p><p><br><b>S’impliquer en tant qu’enseignant ou enseignant-chercheur</b><br></p><ul><li><a data-navigo href=\"etudiants/speed-dating\">Speed dating</a></li><li><a data-navigo href=\"etudiants/campus-forthem\">Enseignement en équipe</a></li><li><a data-navigo href=\"etudiants/engagement-etudiant\">Projets d'engagement civique</a></li><li>Ambassadeurs étudiants</li><li><a data-navigo href=\"etudiants/forthem-buddies\">Buddies FORTHEM</a></li><li><a data-navigo href=\"etudiants/jobs-stages-emplois\">Stages en entreprise</a></li><li>Semestres d'échange</li><li><a data-navigo href=\"etudiants/academie-numerique\">L'Académie Numérique</a></li><li>Le passeport FORTHEM</li></ul>"}]
  },
  {
    "id": 3000,
    "title": "Enseignants-chercheurs",
    "picture": "pexels-fauxels-3184328.jpg",
    "subtitle": "S’impliquer en tant qu’enseignant ou enseignant-chercheur",
	"description": "",
	"href": {"slug":"enseignants-chercheurs"},
	"tags":[],
    "content": [{"component":"html", "content":"<p>Vous êtes enseignants et enseignants-chercheurs, et vous souhaitez vous impliquer dans les activités de FORTHEM ?</p> <p>Rejoignez les nombreux groupes de travail thématiques en ligne ou dans votre université, pour contribuer encore davantage aux actions de pédagogie, de recherche et de mobilité pour vous et vos étudiants.</p> <p>Proposez des offres d’enseignement collaboratif et de projets tuteurés commun avec d’autres partenaires FORTHEM, déposez des projets au sein des équipes des Labs de recherche de l’Alliance, développez l’offre de cours en anglais de votre composante en créant de nouveaux cours en ligne et de nouveaux diplômes communs.<p>"}]
  },
  {
    "id": 3001,
    "title": "BIATSS",
    "picture": "pexels-tima-miroshnichenko-5439139.jpg",
    "subtitle": "FORTHEM pour les personnels administratifs et techniques",
	"description": "",
	"href": {"slug":"biatss"},
	"tags":[],
    "content": [{"component":"html", "content":"<p>Vous êtes personnels administratifs et techniques, et vous souhaitez vous impliquer dans les activités de FORTHEM ?</p> <p>Rejoignez les nombreux groupes de travail thématiques en ligne ou dans votre université, pour contribuer à développer encore davantage les actions de mobilité, de communication, de pédagogie.</p> <p>Suivez des cours en ligne pour vous former et accroître vos compétences dans votre domaine d’expertise, et participez à des semaines de formation dans les universités de l’Alliance.</p>"}]
  },
  {
    "id": 3002,
    "title": "Enseignement",
    "picture": "pexels-christina-morillo-1181534.jpg",
    "subtitle": "Toutes les possibilités d'enseignement dans le cadre de FORTHEM",
	"description": "",
	"href": {"slug":"enseignement"},
	"tags":[],
    "content": [{"component":"html", "content":"<p>Au sein de l’Alliance, les enseignants et enseignants-chercheurs peuvent participer aux nombreux groupes de travail thématiques en ligne ou dans leur université, pour contribuer encore davantage aux actions de pédagogie.</p> <p>Ils ont la possibilité de proposer des offres d’enseignement collaboratif et de projets tuteurés communs avec d’autres partenaires FORTHEM, développer l’offre de cours en anglais de leur composante en créant de nouveaux cours en ligne et de nouveaux diplômes communs, effectuer une courte mobilité dans une université de l’Alliance, et acquérir de nouvelles compétences en suivant des formations pédagogiques en ligne.</p>"}]
  },
  {
    "id": 3003,
    "title": "Recherche",
    "picture": "recherche.jpg",
    "subtitle": "Toutes les possibilités de recherche dans le cadre de FORTHEM",
	"description": "",
	"href": {"slug":"recherche"},
	"tags":[],
    "content": [{"component":"html", "content":"<p>Au sein de l’Alliance, les enseignants-chercheurs peuvent participer aux nombreux groupes de travail thématiques en ligne ou dans leur université, pour contribuer encore davantage aux actions de recherche et d’innovation.</p> <p>Ils ont la possibilité de monter des projets de recherche communs au sein des équipes des Labs de l’Alliance, effectuer une courte mobilité dans une université partenaire, organiser ou suivre des séminaires et colloques internationaux en ligne, enrichir leur production scientifique par des collaborations communes.</p>"}]
  },
   {
    "id": 3004,
    "title": "Partage de compétences",
    "picture": "pexels-vanessa-garcia-6325982.jpg",
    "subtitle": "Participez à des groupes de travail thématiques",
	"description": "",
	"href": {"slug":"partage-de-competences"},
	"tags":[],
    "content": [{"component":"html", "content":"<p>Vous êtes enseignants, enseignants-chercheurs ou personnels administratifs et techniques, et vous souhaitez vous impliquer dans les activités de l’Alliance et mettre à profit vos compétences ?</p> <p>Rejoignez les nombreux groupes de travail thématiques en ligne ou dans votre université, pour contribuer à développer encore davantage les actions de mobilité, de pédagogie et de recherche.</p>"}]
  },
  {
    "id": 7001,
    "title": "Découverte de services homologues",
    "picture": "decouverte-services-homologues.jpg",
    "subtitle": "Découvrir les méthodes de travail de collègues européens",
	"description": "",
	"href": {"slug":"decouverte-services-homologues"},
	"tags":[],
    "content": [{"component":"html", "content":"<p>L’Alliance peut vous aider à vous mettre en contact avec vos collègues dans les services homologues des universités partenaires. </p><p>Vous pourrez alors découvrir de quelle manière travaillent vos collègues, et pourquoi pas aller leur rendre visite !</p>"}]
  },
  {
    "id": 7002,
    "title": "Groupes de travail thématiques",
    "picture": "groupes-travail-thematiques.jpg",
    "subtitle": "Rencontres régulières avec des collègues européens",
	"description": "",
	"href": {"slug":"groupes-travail-thematiques"},
	"tags":[],
    "content": [{"component":"html", "content":"<p>Montez des groupes de travail en commun entre partenaires (de pôles et services homologues) sur des questions d’harmonisation administrative ou sur des problématiques transversales (accueil d’étudiants, organisation du télétravail etc.)</p><p>Vous pourrez mener une réflexion approfondie avec vos collègues européens, et pourquoi pas aller leur rendre visite !</p>"}]
  },
  {
    "id": 7003,
    "title": "Montage de projets communs",
    "picture": "montage-projets-communs.jpg",
    "subtitle": "Aide à la collaboration entre personnels",
	"description": "",
	"href": {"slug":"montage-projets-communs"},
	"tags":[],
    "content": [{"component":"html", "content":"<p>L’Alliance peut vous aider à mettre en place vos projets communs et à financer vos rencontres.</p>"}]
  },
  {
    "id": 7004,
    "title": "Formations dédiées",
    "picture": "formations-dediees.jpg",
    "subtitle": "BIATSS > formations dédiées",
	"description": "",
	"href": {"slug":"formations-dediees"},
	"tags":[],
    "content": [{"component":"html", "content":"<p><b>Plusieurs types de formations dédiées sont possibles :</b></p><ul><li>stages individuels de découverte de quelques semaines (réciproques ou non)​</li><li>échanges de postes pour de plus longues périodes (objectif de moyen terme) ​</li><li>formations sur la coopération interuniversitaire européenne / l'Espace Européen d'Enseignement Supérieur (EEES)</li><li>formation sur l’Alliance FORTHEM​</li></ul>"}]
  },
  {
    "id": 7005,
    "title": "Staff Weeks",
    "picture": "staff-weeks.jpg",
    "subtitle": "Des semaines de collaboration entre collègues de l'Alliance",
	"description": "",
	"href": {"slug":"staff-weeks"},
	"tags":[],
    "content": [{"component":"html", "content":"<p>L’Alliance FORTHEM organise régulièrement des <i>\"Staff Weeks\"</i> thématiques (communauté FORTHEM, bibliothécaires, etc.) dédiées aux personnels administratifs de nos universités partenaires.</p><p>Vous recevrez une bourse de l’Union européenne qui vous permettra de financer la totalité de votre séjour à l’étranger, qui fera alors partie de vos missions professionnelles.</p><p></p>"}]
  },
   {
    "id": 7006,
    "title": "Renforcement en langues",
    "picture": "renforcement-langues.jpg",
    "subtitle": "Cours, cafés, tandems de langue !",
	"description": "",
	"href": {"slug":"renforcement-langues"},
	"tags":[],
    "content": [{"component":"html", "content":"<p><b>Pour progresser en langues :</b></p><ul><li>Cours de langues / accès à une application d’apprentissage autonome des langues​</li><li>Cafés de langues (groupes de conversation réunissant collègues de l’Alliance et un locuteur natif)​</li><li>Tandems de langues (binômes de conversation avec des collègues étrangers natifs de la langue étudiée)​</li></ul>"}]
  },
   {
    "id": 7000,
    "title": "Speed dating",
    "picture": "speed-dating.jpg",
    "subtitle": "Créer des liens entre enseignants-chercheurs",
	"description": "",
	"href": {"slug":"speed-dating", "more":{"label":"En savoir plus","href":"https://intranet.u-bourgogne.fr/toutes-actualites/actus-international/nouveaux-speed-datings-forthem-prevus-a-partir-de-mars/" }},
	"tags":[],
    "content": [{"component":"html", "content":"<p>Rencontres disciplinaires en ligne pour proposer aux personnels enseignants de venir à la rencontre de leurs collègues dans les universités partenaires FORTHEM, pour découvrir les possibilités offertes par l’Alliance, en vue de faire émerger de possibles collaborations en enseignement et en recherche.</p> <p>Le programme est mis à jour régulièrement sur le site intranet de l’uB.</p>"}]
  },
  {
    "id": 3005,
    "title": "Outils de traduction",
    "picture": "traduction.jpg",
    "subtitle": "Aide à la traduction en direct ou en différé",
	"description": "",
	"href": {"slug":"outiles-de-traduction"},
	"tags":[],
    "content": [{"component":"html", "content":"<p>Des outils de traduction peuvent vous permettre d'échanger plus sereinement :</p><ul><li>sous-titrage en temps réel</li><li>séances de question - réponses multilingues</li></ul><br>Pour en savoir plus, contactez-nous !</p>"}]
  },
  {
    "id": 3006,
    "title": "L'enseignement en équipe",
    "picture": "team-teaching.jpg",
    "subtitle": "Pour co-enseigner avec des collègues de l'Alliance",
	"description": "",
	"href": {"slug":"team-teaching","more":{"label":"en savoir plus", "href":"https://intranet.u-bourgogne.fr/toutes-actualites/actus-international/team-teaching-avec-lalliance-forthem"}},
	"tags":[],
    "content": [{"component":"html", "content":"<p>Format très flexible d’enseignement collaboratif dans les disciplines communes offertes par les universités de l’Alliance. </p><p>Le partage de ressources est possible au sein de l’Académie numérique et les enseignants peuvent combiner enseignement en ligne et en présentiel.​</p><p>Beaucoup d’avantages, à la fois pour les étudiants et pour les enseignants.</p><br><br><fluid-iframe src=\"https://www.youtube.com/embed/RvVm9Jlyxi4\" title=\"FORTHEM Team Teaching\" aspect=\"16/9\"></fluid-iframe>"}]
  },
  {
    "id": 6001,
    "title": "FORTHEM Labs",
    "picture": "forthem-labs.jpg",
    "subtitle": "7 labs, 7 thématiques de société",
	"description": "",
	"href": {"slug":"forthem-labs","more":{"label":"en savoir plus", "href":"https://www.forthem-alliance.eu/objectives/labs/"}},
	"tags":[],
    "content": [{"component":"html", "content":"<p>Sept Labs sur sept thématiques répondant aux défis de la société actuelle. Chaque université partenaire est porteuse d’une de ces thématiques. Ces Labs font l’objet de groupes de travail au sein de chaque université.</p><p>Les enseignants-chercheurs de l’uB peuvent s’impliquer dans chacun de ces Labs en fonction de leurs domaines de recherche.</p>"}]
  },
  {
    "id": 6002,
    "title": "Soutien au montage de projets européens ",
    "picture": "montage-projets-europeens.jpg",
    "subtitle": "Pour co-créer avec des acteurs de la société civile",
	"description": "",
	"href": {"slug":"montage-projets-europeens","more":{"label":"en savoir plus", "href":"https://www.forthem-alliance.eu/get-involved/staff/share-funding-projects/"}},
	"tags":[],
    "content": [{"component":"html", "content":"<p>L’Alliance peut vous aider à mettre en place des projets et actions de partage de financement en faveur de la participation sociale. Toutes les étapes de mise en œuvre de ces projets sont sur le <a href=\"https://www.forthem-alliance.eu/get-involved/staff/share-funding-projects/\" target=\"_blank\" rel=\"noopener noreferrer\">site de l’Alliance</a>. </p>"}]
  },
  {
    "id": 6003,
    "title": "Missions pour développer des collaborations",
    "picture": "missions-collaborations.jpg",
    "subtitle": "Projets et collaborations avec des collègues de l'Alliance",
	"description": "",
	"href": {"slug":"missions-collaborations"},
	"tags":[],
    "content": [{"component":"html", "content":"<p>L’Alliance peut vous aider à mettre en place des projets et des collaborations avec des enseignants-chercheurs des universités partenaires.</p><p>L’Alliance peut financer votre voyage dans une des universités partenaires et contribuer à vos frais de mission.</p>"}]
  },
  {
    "id": 6004,
    "title": "Mobilité enseignement dans les heures de service",
    "picture": "pexels-pew-nguyen-239548.jpg",
    "subtitle": "Heures de service financées (après validation par le bureau FORTHEM)",
	"description": "",
	"href": {"slug":"mobilite-enseignement"},
	"tags":[],
    "content": [{"component":"html", "content":"<p><b>Heures d’enseignement (heures saisies par la composante)​</b></p><p>Les seules heures d’enseignement pouvant être financées via cette enveloppe auront été soumises au préalable pour validation au bureau FORTHEM.</p><br><p><b>Formations dédiées​​</b></p><p>Heures de cours pour formations dédiées (DUs, modules de formation) dispensées via l’académie numérique FORTHEM (Enseignement à Distance). Sont potentiellement concernés les cours existants adaptés et ouverts à l’académie numérique avec un suivi individuel des étudiants (bonification de 0.25 des heures de cours déjà en place).​</p><br><p><b>Heures de soutien à la création de supports pédagogiques numériques multilingues à visée internationale​</b></p><p>Heures de cours créées dans le cadre d’universités d’été organisées par l’uB au sein de FORTHEM. Ces heures seront mises en place dans le cadre des FORTHEM Labs ou de la mission d’engagement sociétale, en accord avec le bureau FORTHEM.</p><br><p><b>Langues</b></p><ul><li><b>Heures de cours de langues pour les langues des partenaires de l’Alliance</b>, lorsque celles-ci ont été mises en place avec l’accord préalable du bureau FORTHEM (cours de langues hors maquettes, cours créés au Centre de langues,… ).​</li><br><li><b>Heures de cours de spécialité enseignés en anglais</b><br>Ces heures seront créées suite à une demande déposée par la composante auprès du bureau FORTHEM. Sont notamment concernés les composantes ayant déjà déposé une demande pour l’année 2020/2021 sur deux ans, ainsi que les composantes ayant déjà déposé une demande pour l’année 2021/2022. <i>Autre composante intéressée pour bénéficier de ce dispositif ? Merci de contacter le bureau FORTHEM.​</i></li><br><li><b>Equivalences horaires de soutien à la mise en place de cours en anglais</b> (dispositif d’accompagnement, de shadowing, de concertation…) <br>Ces heures permettent aux collègues non anglophones et non anglicistes de bénéficier d’un accompagnement de la part d’autres collègues spécialistes, afin de faciliter la transition vers l’enseignement en anglais. </li></ul>"}]
  },
  {
    "id": 6005,
    "title": "Heures d’enseignement FORTHEM",
    "picture": "pexels-black-ice-1314544.jpg",
    "subtitle": "Des heures d’enseignement pour les modules FORTHEM",
	"description": "",
	"href": {"slug":"heures-enseignement-forthem"},
	"tags":[],
    "content": [{"component":"html", "content":"<p>Les heures d’encadrement (responsabilités spécifiques au sein de l’Alliance, heures saisies par le bureau FORTHEM et déjà en partie fléchées) :​</p><br><ul><li>Responsable de Lab FORTHEM​</li><li>Responsable de Work Package FORTHEM / membre d’une commission au niveau de l’Alliance</li><li>Responsable du Campus FORTHEM​​</li><li>Organisation d’une mobilité courte FORTHEM</li></ul>"}]
  },
  {
    "id": 3007,
    "title": "Projets tuteurés",
    "picture": "pexels-fox-1595385.jpg",
    "subtitle": "Pour co-encadrer des projets tuteurés",
	"description": "",
	"href": {"slug":"projets-tuteures"},
	"tags":[],
    "content": [{"component":"html", "content":"<p>Vous êtes enseignants et enseignants-chercheurs, et vous souhaitez permettre à vos étudiants de travailler en petits groupes sur un projet commun, avec d’autres étudiants des universités de l’Alliance ? Cette possibilité d’encadrement de projet tuteurés concerne toutes les disciplines.</p><br><p><b>Quels sont les avantages ?</b></p><ul><li>partager vos compétences et pratiques pédagogiques</li><li>favoriser la mobilité, la collaboration et le réseau des étudiants et professionnels</li><li>enrichir son expérience dans un domaine et acquérir de nouvelles compétences</li><li>développer ses compétences en communication internationale</li></ul>"}]
  },
  {
    "id": 5000,
    "title": "Aide à la traduction",
	"thumb": "JGU.svg",
    "picture": "JGU.jpg",
    "subtitle": "Mayence, Allemagne",
	"description": "",
	"href": {"slug":"JGU"},
	"tags":[],
    "content": [{"component":"html", "content":""}]
  },
  {
    "id": 5001,
    "title": "université de Valence",
	"thumb": "UV.svg",
    "picture": "UV.jpg",
    "subtitle": "Valence, Espagne",
	"description": "",
	"href": {"slug":"UV"},
	"tags":[],
    "content": [{"component":"html", "content":""}]
  }
  
]}